<?xml version="1.0" encoding="UTF-8"?>
<project-private xmlns="http://www.netbeans.org/ns/project-private/1">
    <editor-bookmarks xmlns="http://www.netbeans.org/ns/editor-bookmarks/2" lastBookmarkId="0"/>
    <open-files xmlns="http://www.netbeans.org/ns/projectui-open-files/2">
        <group>
            <file>file:/C:/Users/mi_bo/OneDrive/Documentos/NetBeansProjects/SistemaHospitalar/src/dao/PacienteDAO.java</file>
            <file>file:/C:/Users/mi_bo/OneDrive/Documentos/NetBeansProjects/SistemaHospitalar/src/servicos/PacienteServicos.java</file>
            <file>file:/C:/Users/mi_bo/OneDrive/Documentos/NetBeansProjects/SistemaHospitalar/src/visao/GuiJTableBuscaPaciente.java</file>
            <file>file:/C:/Users/mi_bo/OneDrive/Documentos/NetBeansProjects/SistemaHospitalar/src/visao/GuiCadPaciente.java</file>
        </group>
    </open-files>
</project-private>
